District,County
Alcona Community Schools,Alcona
Autrain-Onota Public Schools,Alger
Burt Township School District,Alger
Munising Public Schools,Alger
Superior Central School District,Alger
Allegan Area Educational Service Agency,Allegan
Allegan Public Schools,Allegan
Fennville Public Schools,Allegan
Glenn Public School District,Allegan
Hamilton Community Schools,Allegan
Hopkins Public Schools,Allegan
Martin Public Schools,Allegan
Otsego Public Schools,Allegan
Outlook Academy,Allegan
Plainwell Community Schools,Allegan
Saugatuck Public Schools,Allegan
Wayland Union Schools,Allegan
Alpena Public Schools,Alpena
Alpena-Montmorency-Alcona Esd,Alpena
Bingham Arts Academy,Alpena
Alba Public Schools,Antrim
Bellaire Public Schools,Antrim
Central Lake Public Schools,Antrim
Elk Rapids Schools,Antrim
Ellsworth Community School,Antrim
Mancelona Public Schools,Antrim
Arenac Eastern School District,Arenac
Au Gres-Sims School District,Arenac
Standish-Sterling Community Schools,Arenac
Arvon Township School District,Baraga
Baraga Area Schools,Baraga
L'anse Area Schools,Baraga
Barry Independent School District,Barry
Delton Kellogg Schools,Barry
Hastings Area School District,Barry
Lakewood Public Schools,Barry
Thornapple Kellogg School District,Barry
Bangor Township Schools,Bay
Bay City Academy,Bay
Bay City School District,Bay
Bay County Psa,Bay
Bay-Arenac Community High School,Bay
Bay-Arenac Independent School District,Bay
Essexville-Hampton Public Schools,Bay
Pinconning Area Schools,Bay
Benzie County Central Schools,Benzie
Frankfort-Elberta Area Schools,Benzie
Benton Harbor Area Schools,Berrien
Benton Harbor Charter School Academy,Berrien
Berrien Regional Educational Service Agency,Berrien
Berrien Springs Public Schools,Berrien
Brandywine Community Schools,Berrien
Bridgman Public Schools,Berrien
Buchanan Community Schools,Berrien
Coloma Community Schools,Berrien
Countryside Academy,Berrien
Dream Academy,Berrien
Eau Claire Public Schools,Berrien
Hagar Township School District #6,Berrien
Lakeshore School District (Berrien),Berrien
Mildred C. Wells Preparatory Academy,Berrien
New Buffalo Area Schools,Berrien
Niles Community Schools,Berrien
River Valley School District,Berrien
Sodus Township School District #5,Berrien
St. Joseph Public Schools,Berrien
Watervliet School District,Berrien
Branch Independent School District,Branch
Bronson Community School District,Branch
Coldwater Community Schools,Branch
Pansophia Academy,Branch
Quincy Community Schools,Branch
Union City Community Schools,Branch
Arbor Academy,Calhoun
Athens Area Schools,Calhoun
Battle Creek Area Learning Center,Calhoun
Battle Creek Montessori Academy,Calhoun
Battle Creek Public Schools,Calhoun
Calhoun Independent School District,Calhoun
Endeavor Charter Academy,Calhoun
Harper Creek Community Schools,Calhoun
Homer Community School District,Calhoun
Lakeview Sch. District (Calhoun),Calhoun
Mar Lee School District,Calhoun
Marshall Academy,Calhoun
Marshall Public Schools,Calhoun
Pennfield Schools,Calhoun
Tekonsha Community Schools,Calhoun
Cassopolis Public Schools,Cass
Dowagiac Union School District,Cass
Edwardsburg Public Schools,Cass
Lewis Cass Independent School District,Cass
Marcellus Community Schools,Cass
Beaver Island Community School,Charlevoix
Boyne City Public Schools,Charlevoix
Boyne Falls Public School District,Charlevoix
Charlevoix Public Schools,Charlevoix
Charlevoix-Emmet Independent School District,Charlevoix
Concord Academy - Boyne,Charlevoix
East Jordan Public Schools,Charlevoix
Northwest Academy,Charlevoix
Cheb-Otsego-Presque Isle Esd,Cheboygan
Cheboygan Area Schools,Cheboygan
Inland Lakes Schools,Cheboygan
Wolverine Community School District,Cheboygan
Brimley Area Schools,Chippewa
Detour Area Schools,Chippewa
Detour Arts And Technology Academy,Chippewa
Eastern Upper Peninsula Independent School District,Chippewa
Joseph K. Lumsden Bahweting Anishnabe Academy,Chippewa
Ojibwe Charter School,Chippewa
Pickford Public Schools,Chippewa
Rudyard Area Schools,Chippewa
Sault Ste. Marie Area Schools,Chippewa
Whitefish Township Schools,Chippewa
Clare Public Schools,Clare
Clare-Gladwin Regional Education Service District,Clare
Farwell Area Schools,Clare
Harrison Community Schools,Clare
Bath Community Schools,Clinton
Clinton County Regional Educational Service Agency,Clinton
Dewitt Public Schools,Clinton
Fowler Public Schools,Clinton
Ovid-Elsie Area Schools,Clinton
St. Johns Public Schools,Clinton
Crawford Ausable Schools,Crawford
Big Bay De Noc School District,Delta
Delta-Schoolcraft Independent School District,Delta
Escanaba Area Public Schools,Delta
Gladstone Area Schools,Delta
Mid Peninsula School District,Delta
Rapid River Public Schools,Delta
Breitung Township School District,Dickinson
Dickinson-Iron Independent School District,Dickinson
Iron Mountain Public Schools,Dickinson
North Dickinson County Schools,Dickinson
Norway-Vulcan Area Schools,Dickinson
Bellevue Community Schools,Eaton
Charlotte Public Schools,Eaton
Eaton Rapids Public Schools,Eaton
Eaton Regional Educational Service Agency,Eaton
Grand Ledge Public Schools,Eaton
Island City Academy,Eaton
Maple Valley Schools,Eaton
Olivet Community Schools,Eaton
Oneida Township School District #3,Eaton
Potterville Public Schools,Eaton
Relevant Academy Of Eaton County,Eaton
Waverly Community Schools,Eaton
Alanson Public Schools,Emmet
Concord Academy - Petoskey,Emmet
Harbor Springs School District,Emmet
Mackinaw City Public Schools,Emmet
Pellston Public Schools,Emmet
Public Schools Of Petoskey,Emmet
Atherton Community Schools,Genesee
Beecher Community School District,Genesee
Bendle Public Schools,Genesee
Bentley Community School District,Genesee
Burton Glen Charter Academy,Genesee
Carman-Ainsworth Community Schools,Genesee
Clio Area School District,Genesee
Davison Community Schools,Genesee
Fenton Area Public Schools,Genesee
"Flint, School District Of The City Of",Genesee
Flushing Community Schools,Genesee
Genesee Independent School District,Genesee
Genesee School District,Genesee
Genesee Stem Academy,Genesee
Goodrich Area Schools,Genesee
Grand Blanc Academy,Genesee
Grand Blanc Community Schools,Genesee
Greater Heights Academy,Genesee
International Academy Of Flint,Genesee
Kearsley Community School District,Genesee
Lake Fenton Community Schools,Genesee
Lakeville Community School District,Genesee
Linden Charter Academy,Genesee
Linden Community Schools,Genesee
Madison Academy,Genesee
Michigan School For The Deaf,Genesee
Montrose Community Schools,Genesee
Mt. Morris Consolidated Schools,Genesee
Northridge Academy,Genesee
Richfield Public School Academy,Genesee
Swartz Creek Community Schools,Genesee
The New Standard Academy,Genesee
Way Academy - Flint,Genesee
Westwood Heights Schools,Genesee
Woodland Park Academy,Genesee
Beaverton Rural Schools,Gladwin
Gladwin Community Schools,Gladwin
Bessemer Area School District,Gogebic
Ironwood Area Schools Of Gogebic County,Gogebic
Wakefield-Marenisco School District,Gogebic
Watersmeet Township School District,Gogebic
Grand Traverse Academy,Grand Traverse
Kingsley Area Schools,Grand Traverse
The Greenspire School,Grand Traverse
Traverse Bay Area Independent School District,Grand Traverse
Traverse City Area Public Schools,Grand Traverse
Woodland School,Grand Traverse
Alma Public Schools,Gratiot
Ashley Community Schools,Gratiot
Breckenridge Community Schools,Gratiot
Fulton Schools,Gratiot
Gratiot-Isabella Resd,Gratiot
Ithaca Public Schools,Gratiot
St. Louis Public Schools,Gratiot
Camden-Frontier School,Hillsdale
Hillsdale Community Schools,Hillsdale
Hillsdale Independent School District,Hillsdale
Hillsdale Preparatory School,Hillsdale
Jonesville Community Schools,Hillsdale
Litchfield Community Schools,Hillsdale
North Adams-Jerome Public Schools,Hillsdale
Pittsford Area Schools,Hillsdale
Reading Community Schools,Hillsdale
Waldron Area Schools,Hillsdale
Will Carleton Charter School Academy,Hillsdale
Adams Township School District,Houghton
Chassell Township School District,Houghton
Copper Country Independent School District,Houghton
Dollar Bay-Tamarack City Area Schools,Houghton
Elm River Township School District,Houghton
Hancock Public Schools,Houghton
Houghton-Portage Township School District,Houghton
Lake Linden-Hubbell School District,Houghton
"Public Schools Of Calumet, Laurium & Keweenaw",Houghton
Stanton Township Public Schools,Houghton
Bad Axe Public Schools,Huron
Caseville Public Schools,Huron
Church School District,Huron
Colfax Township School District #1f,Huron
Elkton-Pigeon-Bay Port Laker Schools,Huron
Harbor Beach Community Schools,Huron
Huron Independent School District,Huron
North Huron School District,Huron
Owendale-Gagetown Area School District,Huron
Port Hope Community Schools,Huron
Sigel Township School District #3f,Huron
Sigel Township School District #4f,Huron
Sigel Township School District #6,Huron
Ubly Community Schools,Huron
Unionville-Sebewaing Area S.D.,Huron
Verona Township School District #1f,Huron
Cole Academy,Ingham
Dansville Schools,Ingham
East Lansing School District,Ingham
El-Hajj Malik El-Shabazz Academy,Ingham
Great Lakes Cyber Academy,Ingham
Haslett Public Schools,Ingham
Holt Public Schools,Ingham
Ingham Independent School District,Ingham
Lansing Charter Academy,Ingham
Lansing Public School District,Ingham
Leslie Public Schools,Ingham
Life Technical Academy,Ingham
Mason Public Schools (Ingham),Ingham
Michigan Connections Academy,Ingham
Michigan Department Of Corrections,Ingham
Michigan Department Of Human Services,Ingham
Mid-Michigan Leadership Academy,Ingham
Nexus Academy Of Lansing,Ingham
Okemos Public Schools,Ingham
Stockbridge Community Schools,Ingham
Webberville Community Schools,Ingham
White Pine Academy,Ingham
Williamston Community Schools,Ingham
Windemere Park Charter Academy,Ingham
Belding Area School District,Ionia
Berlin Township School District #3,Ionia
Easton Township School District #6,Ionia
Ionia Independent School District,Ionia
Ionia Public Schools,Ionia
Ionia Township School District #2,Ionia
Pewamo-Westphalia Community Schools,Ionia
Portland Public Schools,Ionia
Saranac Community Schools,Ionia
Alternative Educational Academy Of Iosco County,Iosco
Hale Area Schools,Iosco
Iosco Regional Educational Service Agency,Iosco
Oscoda Area Schools,Iosco
Tawas Area Schools,Iosco
Whittemore-Prescott Area Schools,Iosco
Forest Park School District,Iron
West Iron County Public Schools,Iron
Beal City Public Schools,Isabella
Morey Montessori Public School Academy,Isabella
Mt. Pleasant City School District,Isabella
Renaissance Public School Academy,Isabella
Shepherd Public Schools,Isabella
Columbia School District,Jackson
Concord Community Schools,Jackson
Da Vinci Institute,Jackson
East Jackson Community Schools,Jackson
Grass Lake Community Schools,Jackson
Hanover-Horton School District,Jackson
Jackson Independent School District,Jackson
Jackson Public Schools,Jackson
Michigan Center School District,Jackson
Napoleon Community Schools,Jackson
Northwest Community Schools,Jackson
Paragon Charter Academy,Jackson
Springport Public Schools,Jackson
Vandercook Lake Public Schools,Jackson
Western School District,Jackson
Climax-Scotts Community Schools,Kalamazoo
Comstock Public Schools,Kalamazoo
Evergreen Academy,Kalamazoo
Forest Academy,Kalamazoo
Galesburg-Augusta Community Schools,Kalamazoo
Gull Lake Community Schools,Kalamazoo
Kalamazoo Public Schools,Kalamazoo
Kalamazoo Regional Educational Service Agency,Kalamazoo
Lakeside Charter School,Kalamazoo
Oakland Academy,Kalamazoo
Paramount Charter Academy,Kalamazoo
Parchment School District,Kalamazoo
Portage Public Schools,Kalamazoo
Schoolcraft Community Schools,Kalamazoo
Vicksburg Community Schools,Kalamazoo
Youth Advancement Academy,Kalamazoo
Excelsior Township School District #1,Kalkaska
Forest Area Community Schools,Kalkaska
Kalkaska Public Schools,Kalkaska
Byron Center Charter School,Kent
Byron Center Public Schools,Kent
Caledonia Community Schools,Kent
Cedar Springs Public Schools,Kent
Chandler Woods Charter Academy,Kent
Comstock Park Public Schools,Kent
Covenant House Academy Grand Rapids,Kent
Creative Technologies Academy,Kent
Cross Creek Charter Academy,Kent
East Grand Rapids Public Schools,Kent
Excel Charter Academy,Kent
Forest Hills Public Schools,Kent
Godfrey-Lee Public Schools,Kent
Godwin Heights Public Schools,Kent
Grand Rapids Child Discovery Center,Kent
Grand Rapids Ellington Academy Of Arts & Technology,Kent
Grand Rapids Public Schools,Kent
Grandville Public Schools,Kent
Grattan Academy,Kent
Hope Academy Of West Michigan,Kent
Kelloggsville Public Schools,Kent
Kenowa Hills Public Schools,Kent
Kent City Community Schools,Kent
Kentwood Public Schools,Kent
Knapp Charter Academy,Kent
Lighthouse Academy,Kent
Lowell Area Schools,Kent
Michigan Virtual Charter Academy,Kent
New Branches Charter Academy,Kent
Nexus Academy Of Grand Rapids,Kent
Northview Public Schools,Kent
Ridge Park Charter Academy,Kent
River City Scholars Charter Academy,Kent
Rockford Public Schools,Kent
Sparta Area Schools,Kent
Vanguard Charter Academy,Kent
Vista Charter Academy,Kent
Walker Charter Academy,Kent
Wellspring Preparatory High School,Kent
West Mi Academy Of Environmental Science,Kent
West Michigan Aviation Academy,Kent
William C. Abney Academy,Kent
Wyoming Public Schools,Kent
Grant Township School District #2,Keweenaw
Baldwin Community Schools,Lake
Mosaica Online Academy Of Michigan,Lake
Almont Community Schools,Lapeer
Chatfield School,Lapeer
Dryden Community Schools,Lapeer
Imlay City Community Schools,Lapeer
Lapeer Community Schools,Lapeer
Lapeer Independent School District,Lapeer
North Branch Area Schools,Lapeer
Glen Lake Community Schools,Leelanau
Leelanau Montessori Public School Academy,Leelanau
Leland Public School District,Leelanau
Northport Public School District,Leelanau
Suttons Bay Public Schools,Leelanau
Addison Community Schools,Lenawee
"Adrian, School District Of The City Of",Lenawee
Blissfield Community Schools,Lenawee
Britton Deerfield Schools,Lenawee
Clinton Community Schools,Lenawee
Hudson Area Schools,Lenawee
Lenawee Independent School District,Lenawee
Madison School District (Lenawee),Lenawee
Morenci Area Schools,Lenawee
Onsted Community Schools,Lenawee
Sand Creek Community Schools,Lenawee
Tecumseh Public Schools,Lenawee
Brighton Area Schools,Livingston
Charyl Stockwell Academy,Livingston
Flextech High School,Livingston
Fowlerville Community Schools,Livingston
Hartland Consolidated Schools,Livingston
Howell Public Schools,Livingston
Kensington Woods High School,Livingston
Livingston Esa,Livingston
Pinckney Community Schools,Livingston
Tahquamenon Area Schools,Luce
Bois Blanc Pines School District,Mackinac
Engadine Consolidated Schools,Mackinac
Les Cheneaux Community Schools,Mackinac
Mackinac Island Public Schools,Mackinac
Moran Township School District,Mackinac
St. Ignace Area Schools,Mackinac
Three Lakes Academy,Mackinac
Academy Of Warren,Macomb
Armada Area Schools,Macomb
Arts Academy In The Woods,Macomb
Center Line Public Schools,Macomb
Chippewa Valley Schools,Macomb
Clintondale Community Schools,Macomb
Conner Creek Academy East,Macomb
East Detroit Public Schools,Macomb
Eaton Academy,Macomb
Fitzgerald Public Schools,Macomb
Fraser Public Schools,Macomb
Global Preparatory Academy,Macomb
Great Oaks Academy,Macomb
Huron Academy,Macomb
L'anse Creuse Public Schools,Macomb
Lake Shore Public Schools (Macomb),Macomb
Lakeview Public Schools (Macomb),Macomb
Macomb Academy,Macomb
Macomb Independent School District,Macomb
Macomb Montessori Academy,Macomb
Merritt Academy,Macomb
Michigan Mathematics And Science Academy,Macomb
Mount Clemens Community School District,Macomb
Mt. Clemens Montessori Academy,Macomb
New Haven Community Schools,Macomb
Noor International Academy,Macomb
Prevail Academy,Macomb
Reach Charter Academy,Macomb
Richmond Community Schools,Macomb
Rising Stars Academy,Macomb
Romeo Community Schools,Macomb
Roseville Community Schools,Macomb
South Lake Schools,Macomb
Success Mile Academy,Macomb
Utica Community Schools,Macomb
Van Dyke Public Schools,Macomb
Warren Consolidated Schools,Macomb
Warren Woods Public Schools,Macomb
Bear Lake Schools,Manistee
Casman Alternative Academy,Manistee
Kaleva Norman Dickson School District,Manistee
Manistee Area Public Schools,Manistee
Manistee Independent School District,Manistee
Michigan Great Lakes Virtual Academy,Manistee
Onekama Consolidated Schools,Manistee
Gwinn Area Community Schools,Marquette
Ishpeming Public School District No. 1,Marquette
Marquette Area Public Schools,Marquette
Marquette-Alger Regional Educational Service Agency,Marquette
Negaunee Public Schools,Marquette
Nice Community School District,Marquette
North Star Academy,Marquette
Powell Township Schools,Marquette
Republic-Michigamme Schools,Marquette
Wells Township School District,Marquette
Ludington Area School District,Mason
Mason County Central Schools,Mason
Mason County Eastern Schools,Mason
West Shore Educational Service District,Mason
Big Rapids Public Schools,Mecosta
Chippewa Hills School District,Mecosta
Crossroads Charter Academy,Mecosta
Mecosta-Osceola Independent School District,Mecosta
Morley Stanwood Community Schools,Mecosta
Bark River-Harris School District,Menominee
Carney-Nadeau Public Schools,Menominee
Menominee Area Public Schools,Menominee
Menominee Independent School District,Menominee
Nah Tah Wahsh Public School Academy,Menominee
North Central Area Schools,Menominee
Stephenson Area Public Schools,Menominee
Academic And Career Education Academy,Midland
Bullock Creek School District,Midland
Coleman Community Schools,Midland
Meridian Public Schools,Midland
Midland Academy Of Advanced And Creative Studies,Midland
Midland County Educational Service Agency,Midland
Midland Public Schools,Midland
Windover High School,Midland
Lake City Area School District,Missaukee
Mcbain Rural Agricultural Schools,Missaukee
Airport Community Schools,Monroe
Bedford Public Schools,Monroe
Dundee Community Schools,Monroe
Ida Public School District,Monroe
Jefferson Schools (Monroe),Monroe
Mason Consolidated Schools (Monroe),Monroe
Monroe Independent School District,Monroe
Monroe Public Schools,Monroe
New Bedford Academy,Monroe
Summerfield Schools,Monroe
Triumph Academy,Monroe
Whiteford Agricultural School District Of The Counties Of Lenawee And Monroe,Monroe
Carson City-Crystal Area Schools,Montcalm
Central Montcalm Public Schools,Montcalm
Greenville Public Schools,Montcalm
Lakeview Community Schools (Montcalm),Montcalm
Montabella Community Schools,Montcalm
Montcalm Area Independent School District,Montcalm
Tri County Area Schools,Montcalm
Vestaburg Community Schools,Montcalm
Atlanta Community Schools,Montmorency
Hillman Community Schools,Montmorency
Fruitport Community Schools,Muskegon
Holton Public Schools,Muskegon
Mona Shores Public School District,Muskegon
Montague Area Public Schools,Muskegon
Muskegon Area Independent School District,Muskegon
Muskegon Heights Public School Academy System,Muskegon
Muskegon Montessori Academy For Environmental Change,Muskegon
"Muskegon, Public Schools Of The City Of",Muskegon
North Muskegon Public Schools,Muskegon
Oakridge Public Schools,Muskegon
Orchard View Schools,Muskegon
Ravenna Public Schools,Muskegon
Reeths-Puffer Schools,Muskegon
Three Oaks Public School Academy,Muskegon
Timberland Academy,Muskegon
Whitehall District Schools,Muskegon
Big Jackson School District,Newaygo
Fremont Public School District,Newaygo
Grant Public School District,Newaygo
Hesperia Community Schools,Newaygo
Newaygo County Regional Educational Service Agency,Newaygo
Newaygo Public School District,Newaygo
White Cloud Public Schools,Newaygo
Academy Of Southfield,Oakland
Academy Of Waterford,Oakland
Agbu Alex-Marie Manoogian School,Oakland
Arts And Technology Academy Of Pontiac,Oakland
Avondale School District,Oakland
Berkley School District,Oakland
Birmingham Public Schools,Oakland
Bloomfield Hills Schools,Oakland
Bradford Academy,Oakland
Brandon School District In The Counties Of Oakland And Lapeer,Oakland
Clarkston Community School District,Oakland
Clawson Public Schools,Oakland
Crescent Academy,Oakland
Dr. Joseph F. Pollack Academic Center Of Excellence,Oakland
Farmington Public School District,Oakland
Faxon Language Immersion Academy,Oakland
Ferndale Public Schools,Oakland
Four Corners Montessori Academy,Oakland
Great Lakes Academy,Oakland
"Hazel Park, School District Of The City Of",Oakland
Holly Academy,Oakland
Holly Area School District,Oakland
Huron Valley Schools,Oakland
Jefferson International Academy,Oakland
Kingsbury Country Day School,Oakland
Lake Orion Community Schools,Oakland
Lamphere Public Schools,Oakland
Laurus Academy,Oakland
Life Skills Center Of Pontiac,Oakland
Madison District Public Schools,Oakland
Michigan School For The Arts,Oakland
Momentum Academy,Oakland
Nexus Academy Of Royal Oak,Oakland
Novi Community School District,Oakland
"Oak Park, School District Of The City Of",Oakland
Oakland Flextech Academy,Oakland
Oakland Schools,Oakland
Oakside Scholars Charter Academy,Oakland
Oxford Community Schools,Oakland
Pontiac Academy For Excellence,Oakland
Pontiac City School District,Oakland
Rochester Community School District,Oakland
Royal Oak Schools,Oakland
Sarah J. Webber Media Arts Academy,Oakland
South Lyon Community Schools,Oakland
Southfield Public School District,Oakland
Taylor International Academy,Oakland
Troy School District,Oakland
Walled Lake Consolidated Schools,Oakland
Walton Charter Academy,Oakland
Waterford Montessori Academy,Oakland
Waterford School District,Oakland
West Bloomfield School District,Oakland
Hart Public School District,Oceana
Pentwater Public School District,Oceana
Shelby Public Schools,Oceana
Walkerville Public Schools,Oceana
West Branch-Rose City Area Schools,Ogemaw
Ewen-Trout Creek Consolidated School District,Ontonagon
Gogebic-Ontonagon Independent School District,Ontonagon
Ontonagon Area School District,Ontonagon
Evart Public Schools,Osceola
Marion Public Schools,Osceola
Pine River Area Schools,Osceola
Reed City Area Public Schools,Osceola
Fairview Area School District,Oscoda
Mio-Ausable Schools,Oscoda
Gaylord Community Schools,Otsego
Johannesburg-Lewiston Area Schools,Otsego
Vanderbilt Area Schools,Otsego
Allendale Public Schools,Ottawa
Black River Public School,Ottawa
Coopersville Area Public School District,Ottawa
Eagle Crest Charter Academy,Ottawa
Grand Haven Area Public Schools,Ottawa
Holland City School District,Ottawa
Hudsonville Public School District,Ottawa
Icademy Global,Ottawa
Innocademy,Ottawa
Jenison Public Schools,Ottawa
Ottawa Area Independent School District,Ottawa
Spring Lake Public Schools,Ottawa
Vanderbilt Charter Academy,Ottawa
Walden Green Montessori,Ottawa
West Mi Academy Of Arts And Academics,Ottawa
West Ottawa Public School District,Ottawa
Zeeland Public Schools,Ottawa
Onaway Area Community School District,Presque Isle
Posen Consolidated School District No. 9,Presque Isle
Presque Isle Academy Ii,Presque Isle
Rogers City Area Schools,Presque Isle
C.O.O.R. Independent School District,Roscommon
Charlton Heston Academy,Roscommon
Houghton Lake Community Schools,Roscommon
Roscommon Area Public Schools,Roscommon
Birch Run Area Schools,Saginaw
Bridgeport-Spaulding Community School District,Saginaw
Carrollton Public Schools,Saginaw
Chesaning Union Schools,Saginaw
Francis Reh Psa,Saginaw
Frankenmuth School District,Saginaw
Freeland Community School District,Saginaw
Hemlock Public School District,Saginaw
International Academy Of Saginaw,Saginaw
Merrill Community Schools,Saginaw
North Saginaw Charter Academy,Saginaw
Saginaw Independent School District,Saginaw
Saginaw Learn To Earn Academy,Saginaw
Saginaw Preparatory Academy,Saginaw
Saginaw Township Community Schools,Saginaw
"Saginaw, School District Of The City Of",Saginaw
St. Charles Community Schools,Saginaw
Swan Valley School District,Saginaw
Brown City Community Schools,Sanilac
Carsonville-Port Sanilac School District,Sanilac
Croswell-Lexington Community Schools,Sanilac
Deckerville Community School District,Sanilac
Marlette Community Schools,Sanilac
Peck Community School District,Sanilac
Sandusky Community School District,Sanilac
Sanilac Independent School District,Sanilac
Manistique Area Schools,Schoolcraft
Byron Area Schools,Shiawassee
Corunna Public Schools,Shiawassee
Durand Area Schools,Shiawassee
Laingsburg Community Schools,Shiawassee
Morrice Area Schools,Shiawassee
New Lothrop Area Public Schools,Shiawassee
Owosso Public Schools,Shiawassee
Perry Public Schools,Shiawassee
Shiawassee Regional Esd,Shiawassee
Algonac Community School District,St. Clair
Anchor Bay School District,St. Clair
Blue Water Learning Academy,St. Clair
Blue Water Middle College,St. Clair
Capac Community Schools,St. Clair
East China School District,St. Clair
Landmark Academy,St. Clair
Marysville Public Schools,St. Clair
Memphis Community Schools,St. Clair
Port Huron Area School District,St. Clair
St. Clair County Career Prep Academy,St. Clair
St. Clair County Learning Academy,St. Clair
St. Clair County Regional Educational Service Agency,St. Clair
Virtual Learning Academy Of St. Clair County,St. Clair
Yale Public Schools,St. Clair
Burr Oak Community School District,St. Joseph
Centreville Public Schools,St. Joseph
Colon Community School District,St. Joseph
Constantine Public School District,St. Joseph
Mendon Community School District,St. Joseph
Nottawa Community School,St. Joseph
St. Joseph County Independent School District,St. Joseph
Sturgis Public Schools,St. Joseph
Three Rivers Community Schools,St. Joseph
White Pigeon Community Schools,St. Joseph
Akron-Fairgrove Schools,Tuscola
Caro Community Schools,Tuscola
Cass City Public Schools,Tuscola
Kingston Community School District,Tuscola
Mayville Community School District,Tuscola
Millington Community Schools,Tuscola
Reese Public Schools,Tuscola
Tuscola Independent School District,Tuscola
Vassar Public Schools,Tuscola
Bangor Public Schools (Van Buren),Van Buren
Bangor Township School District #8,Van Buren
Bloomingdale Public School District,Van Buren
Covert Public Schools,Van Buren
Decatur Public Schools,Van Buren
Gobles Public School District,Van Buren
Hartford Public Schools,Van Buren
Lawrence Public Schools,Van Buren
Lawton Community School District,Van Buren
Mattawan Consolidated School,Van Buren
Paw Paw Public School District,Van Buren
South Haven Public Schools,Van Buren
Van Buren Independent School District,Van Buren
Ann Arbor Learning Community,Washtenaw
Ann Arbor Public Schools,Washtenaw
Arbor Preparatory High School,Washtenaw
Central Academy,Washtenaw
Chelsea School District,Washtenaw
Dexter Community School District,Washtenaw
East Arbor Charter Academy,Washtenaw
Fortis Academy,Washtenaw
Global Technical Academy,Washtenaw
Honey Creek Community School,Washtenaw
Lincoln Consolidated School District,Washtenaw
Manchester Community Schools,Washtenaw
Milan Area Schools,Washtenaw
Multicultural Academy,Washtenaw
New Beginnings Academy,Washtenaw
Saline Area Schools,Washtenaw
South Arbor Charter Academy,Washtenaw
South Pointe Scholars Charter Academy,Washtenaw
Washtenaw Independent School District,Washtenaw
Washtenaw Technical Middle College,Washtenaw
Whitmore Lake Public School District,Washtenaw
Wsc Academy,Washtenaw
Ypsilanti Community Schools,Washtenaw
Academy For Business And Technology,Wayne
Academy Of International Studies,Wayne
Ace Academy (Sda),Wayne
Achieve Charter Academy,Wayne
Advanced Technology Academy,Wayne
Allen Academy,Wayne
Allen Park Public Schools,Wayne
American International Academy,Wayne
American Montessori Academy,Wayne
Blanche Kelso Bruce Academy,Wayne
Branch Line School,Wayne
Bridge Academy,Wayne
Caniff Liberty Academy,Wayne
Canton Charter Academy,Wayne
Capstone Academy Charter School (Sda),Wayne
Cesar Chavez Academy,Wayne
Chandler Park Academy,Wayne
Clara B. Ford Academy (Sda),Wayne
Clarenceville School District,Wayne
Commonwealth Community Development Academy,Wayne
Cornerstone Health School,Wayne
Covenant House Academy Detroit,Wayne
Creative Montessori Academy,Wayne
Crestwood School District,Wayne
David Ellis Academy,Wayne
David Ellis Academy West,Wayne
Dearborn City School District,Wayne
Dearborn Heights School District #7,Wayne
Detroit Academy Of Arts And Sciences,Wayne
Detroit Achievement Academy,Wayne
Detroit Community Schools,Wayne
Detroit Edison Public School Academy,Wayne
Detroit Enterprise Academy,Wayne
Detroit Innovation Academy,Wayne
Detroit Leadership Academy,Wayne
Detroit Merit Charter Academy,Wayne
Detroit Premier Academy,Wayne
Detroit Public Safety Academy,Wayne
Detroit Public Schools,Wayne
Detroit Service Learning Academy,Wayne
Dove Academy Of Detroit,Wayne
Ecorse Public Schools,Wayne
Education Achievement Authority Of Michigan,Wayne
Escuela Avancemos,Wayne
Experiencia Preparatory Academy,Wayne
Flagship Charter Academy,Wayne
Flat Rock Community Schools,Wayne
Frontier International Academy,Wayne
Garden City Public Schools,Wayne
Gaudior Academy,Wayne
Gee Edmonson Academy,Wayne
Gee White Academy,Wayne
George Crockett Academy,Wayne
George Washington Carver Academy,Wayne
Gibraltar School District,Wayne
Global Heights Academy,Wayne
Grosse Ile Township Schools,Wayne
Grosse Pointe Public Schools,Wayne
Hamilton Academy,Wayne
Hamtramck Academy,Wayne
"Hamtramck, School District Of The City Of",Wayne
Hanley International Academy,Wayne
"Harper Woods, The School District Of The City Of",Wayne
Henry Ford Academy,Wayne
Henry Ford Academy: School For Creative Studies (Psad),Wayne
Highland Park City Schools,Wayne
Highland Park Public School Academy System,Wayne
Hope Academy,Wayne
Hope Of Detroit Academy,Wayne
Huron School District,Wayne
International Preparatory Academy - Macdowell Campus,Wayne
Jalen Rose Leadership Academy,Wayne
Joy Preparatory Academy,Wayne
Keystone Academy,Wayne
Legacy Charter Academy,Wayne
"Lincoln Park, School District Of The City Of",Wayne
Livonia Public Schools School District,Wayne
Madison-Carver Academy,Wayne
"Martin Luther King, Jr. Education Center Academy",Wayne
Marvin L. Winans Academy Of Performing Arts,Wayne
Melvindale-North Allen Park Schools,Wayne
Metro Charter Academy,Wayne
Michigan Educational Choice Center,Wayne
Michigan Technical Academy,Wayne
Nataki Talibah Schoolhouse Of Detroit,Wayne
New Paradigm Glazer Academy,Wayne
New Paradigm Loving Academy,Wayne
Northville Public Schools,Wayne
Oakland International Academy,Wayne
Old Redford Academy,Wayne
Plymouth Educational Center Charter School,Wayne
Plymouth Scholars Charter Academy,Wayne
Plymouth-Canton Community Schools,Wayne
Quest Charter Academy,Wayne
"Redford Union Schools, District No. 1",Wayne
Regent Park Scholars Charter Academy,Wayne
"River Rouge, School District Of The City Of",Wayne
Riverside Academy,Wayne
Riverview Community School District,Wayne
Romulus Community Schools,Wayne
Ross-Hill Academy,Wayne
Rutherford Winans Academy,Wayne
South Canton Scholars Charter Academy,Wayne
South Redford School District,Wayne
Southgate Community School District,Wayne
Southwest Detroit Lighthouse Charter Academy,Wayne
Star International Academy,Wayne
Starr Detroit Academy,Wayne
Summit Academy,Wayne
Summit Academy North,Wayne
Taylor Exemplar Academy,Wayne
Taylor Preparatory High School,Wayne
Taylor School District,Wayne
The Dearborn Academy,Wayne
The James And Grace Lee Boggs School,Wayne
Timbuktu Academy Of Science And Technology,Wayne
Tipton Academy,Wayne
Trenton Public Schools,Wayne
Trillium Academy,Wayne
Universal Academy,Wayne
Universal Learning Academy,Wayne
University Preparatory Academy (Psad),Wayne
University Preparatory Science And Math (PSAD),Wayne
University Yes Academy,Wayne
Van Buren Public Schools,Wayne
Vista Meadows Academy,Wayne
Voyageur Academy,Wayne
W-A-Y Academy,Wayne
Warrendale Charter Academy,Wayne
Washington-Parks Academy,Wayne
Wayne-Westland Community School District,Wayne
West Village Academy,Wayne
Weston Preparatory Academy,Wayne
Westwood Community School District,Wayne
Wolverine Academy (Sda),Wayne
Woodhaven-Brownstown School District,Wayne
Woodward Academy,Wayne
"Wyandotte, School District Of The City Of",Wayne
Buckley Community Schools,Wexford
Cadillac Area Public Schools,Wexford
Manton Consolidated Schools,Wexford
Mesick Consolidated Schools,Wexford
Wexford-Missaukee Independent School District,Wexford
